date,commit,lines
2026-03-29,e416e710,10
2026-03-29,637988be,70
2026-03-29,478e59f6,76
2026-03-29,a09cd425,80
2026-03-29,5c2110ca,348
2026-03-29,88dd067d,371
2026-03-29,f969bd8e,463
2026-03-29,c285badc,468
2026-03-29,7d628572,490
2026-03-29,8bfe966a,501
2026-03-29,cb425f20,531
2026-03-30,28b8d228,721
2026-03-30,94425435,727
2026-03-30,f601814a,731
2026-03-30,30d094c5,968
2026-03-30,d52fc5be,976
2026-03-30,25ec9a38,985
2026-03-30,9a349e27,1033
2026-03-31,c57d2d23,1029
2026-03-31,f124e0b6,1026
2026-03-31,4a4944a4,1026
2026-04-02,49d2b8e7,1185
2026-04-02,2c08c37c,1340
2026-04-02,dbe41b9d,1346
2026-04-02,50fd51e7,1345
2026-04-03,8d64c154,1506
2026-04-03,4330fb43,1554
2026-04-03,28fa5fc9,1555
2026-04-03,4b84a515,1560
2026-04-03,99266220,1561
2026-04-03,cb24e86e,1561
2026-04-03,74100aa6,1565
2026-04-03,bcf42563,1567
2026-04-03,b202ffcb,1577
2026-04-03,58b055e1,1597
2026-04-03,87ab0e21,1589
2026-04-03,90a5366b,1594
2026-04-03,c20462b8,1594
2026-04-03,a3704889,1597
2026-04-03,e6fffca7,1661
2026-04-03,fc8179e5,1751
2026-04-03,ab9f3d92,1750
2026-04-03,5da9b03e,1748
2026-04-03,4f6be768,1748
2026-04-03,b84ace1d,1751
2026-04-03,a88d0cbb,2010
2026-04-03,7a196241,2008
2026-04-03,0d5660e0,2008
2026-04-03,82d9df19,2019
2026-04-03,40ad5cbe,2020
2026-04-03,b2cc5e7d,2020
2026-04-03,5b88c118,2020
2026-04-03,54ce5276,2023
2026-04-03,d3dc1706,2024
2026-04-22,fc497969,2056
2026-04-22,70fb42e9,2056
2026-04-22,04299c89,2215
2026-04-22,9ac5a780,2208
2026-04-22,ba42d34c,2227
2026-04-22,a8d55a8a,2234
2026-04-22,d1b32ae1,2234
2026-04-22,7d12c736,2252
2026-04-23,76d4e5fa,2253
2026-04-23,164687a6,2246
2026-04-23,d0d622c8,2251
2026-04-23,9958c1a2,2252
2026-04-23,ffb5486b,2258
2026-04-23,ca6b0bdc,2258
2026-04-23,8b42a30d,2262
2026-04-23,9c9dda59,2296
2026-04-23,24a789ed,2302
2026-04-23,a4ebea0c,2303
2026-04-23,f52c2d58,2389
2026-04-23,1499f306,2397
2026-04-23,5877571b,2407
2026-04-23,6d7f8074,2408
2026-04-23,eac5229b,2422
2026-04-23,d0b7f457,2429
2026-04-23,4d9e2b04,2432
2026-04-23,02483fad,2433
2026-04-23,b68c0611,2433
2026-04-23,4d91db10,2433
2026-04-23,654346c1,2515
2026-04-23,a9aa870c,2523
2026-04-23,80ab48af,2557
2026-04-23,75686548,2557
2026-04-23,fedf15bb,2557
2026-04-23,af7725a8,2592
2026-04-24,ed58c8b4,2593
2026-04-24,1c098fc3,2596
2026-04-24,ed95b293,2593
2026-04-24,2bc78fe6,2593
2026-04-24,5303b01b,2598
2026-04-24,058014a1,2669
2026-04-24,b150ee9e,3025
2026-04-25,46f0eaa8,3029
2026-04-25,599833d9,3030
2026-04-25,d207248d,3012
2026-04-25,92677c73,3042
2026-04-25,0cac70f4,3043
2026-04-25,83c64668,3051
2026-04-25,f7363283,3135
2026-04-25,cba5c5ab,3135
2026-04-25,9709e273,3140
2026-04-25,3fc67e53,3236
2026-04-25,cba99d68,3244
2026-04-25,4e216795,3244
2026-04-25,7d61a72a,3281
2026-04-25,797037d0,3392
2026-04-25,578b0e05,3366
2026-04-25,da8480bb,3372
2026-04-25,9718eabf,3375
2026-04-25,bafe06bc,3378
2026-04-25,71188b14,3379
2026-04-25,7cc1964e,3379
2026-04-25,8ef230bf,3379
2026-04-25,e360dee5,3380
2026-04-25,619de573,3380
